OSR,Filtered_ENOB
16,5.98626318129618
32,8.48415641085569
64,10.8479618133996
128,13.5739998645628
256,15.8307900159738
